{
  "users": [
    {
      "firstname": "Aathmiga",
      "lastname": "M",
      "mobilenumber": "8825644416",
      "email": "aathmiga24@gmail.com",
      "create": "Aathmiga@123",
      "confirm": "Aathmiga@123",
      "policy": true,
      "id": 1
    },
    {
      "firstname": "Aathmiga",
      "lastname": "M",
      "mobilenumber": "8825644416",
      "email": "ammu@gmail.com",
      "create": "Ammu@123",
      "confirm": "Ammu@123",
      "policy": true,
      "id": 2
    }
  ],
  "admin": [
    {
      "email": "aaathmiga123@gmail.com",
      "create": "Aathmiga@123"
      
    }
  ],
  "studio": [
    {
      "image": "../assets/images/photo-name2.jpg",
      "title": "FANCY DECORATIONS",
      "ratings": "4.3",
      "discount": "-9%",
      "price": "65,999",
      "mrp": "M.R.P.:",
      "originalPrice": "73,999"
    },
    {
      "image": "../assets/images/photo-name3.jpg",
      "title": "FANCY DECORATIONS",
      "ratings": "4.3",
      "discount": "-10%",
      "price": "58,999",
      "mrp": "M.R.P.:",
      "originalPrice": "69,999"
    },
    {
      "image": "../assets/images/photo1.jpg",
      "title": "FANCY DECORATIONS",
      "ratings": "4.3",
      "discount": "-10%",
      "price": "58,999",
      "mrp": "M.R.P.:",
      "originalPrice": "69,999"
    }
  ],
  "weddings": [
    {
      "image": "../assets/images/beachone.jpg",
      "image1": "../assets/images/beachone-one.jpg",
      "image2": "../assets/images/beachone-two.jpg",
      "image3": "../assets/images/beachone-three.jpg",
      "image4": "../assets/images/beachone-four.jpg",
      "title": "FANCY DECORATIONS ",
      "titleExtend": "- BEACH WEDDING - WOODEN STICKS - NATURAL FLOWERS - COTTON CURTAINS",
      "titleDescription": "Beach Wedding",
      "ratings": "4.3",
      "discount": "33% off",
      "price": "15,999",
      "mrp": "M.R.P.:",
      "originalPrice": "23,999",
      "id": "1"
    },
    {
      "image": "../assets/images/beachtwo.jpg",
      "title": "SANA DECORATIONS",
      "titleDescription": "Beach Wedding",
      "ratings": "4.3",
      "discount": "33% off",
      "price": "15,999",
      "mrp": "M.R.P.:",
      "originalPrice": "23,999",
      "id": "2"
    },
    {
      "image": "../assets/images/traditionalone.jpg",
      "title": "BENNI DECORATIONS",
      "titleDescription": "Traditional Wedding",
      "ratings": "4.3",
      "discount": "33% off",
      "mrp": "M.R.P.:",
      "price": "15,999",
      "originalPrice": "23,999",
      "id": "3"
    },
    {
      "image": "../assets/images/traditionaltwo.jpg",
      "title": "IBHU DECORATIONS",
      "titleDescription": "Traditional Wedding",
      "ratings": "4.3",
      "discount": "33% off",
      "mrp": "M.R.P.:",
      "price": "15,999",
      "originalPrice": "23,999",
      "id": "4"
    },
    {
      "image": "../assets/images/vintageone.jpg",
      "title": "FANCY DECORATIONS",
      "titleDescription": "Vintage Wedding",
      "ratings": "4.3",
      "discount": "33% off",
      "mrp": "M.R.P.:",
      "price": "15,999",
      "originalPrice": "23,999",
      "id": "5"
    },
    {
      "image": "../assets/images/royalone.jpg",
      "title": "SUMMI DECORATIONS",
      "titleDescription": "Royal Wedding",
      "ratings": "4.3",
      "discount": "33% off",
      "mrp": "M.R.P.:",
      "price": "15,999",
      "originalPrice": "23,999",
      "id": "6"
    },
    {
      "image": "../assets/images/beachthree.jpg",
      "title": "EVES DECORATIONS",
      "titleDescription": "Beach Wedding",
      "ratings": "4.3",
      "discount": "33% off",
      "mrp": "M.R.P.:",
      "price": "15,999",
      "originalPrice": "23,999",
      "id": "7"
    },
    {
      "image": "../assets/images/destinationone.jpg",
      "title": "SANA DECORATIONS",
      "titleDescription": "Destination Wedding",
      "ratings": "4.3",
      "discount": "33% off",
      "mrp": "M.R.P.:",
      "price": "15,999",
      "originalPrice": "23,999",
      "id": "8"
    },
    {
      "image": "../assets/images/destinationtwo.jpg",
      "title": "SWEETY DECORATIONS",
      "titleDescription": "Destination Wedding",
      "ratings": "4.3",
      "discount": "33% off",
      "mrp": "M.R.P.:",
      "price": "15,999",
      "originalPrice": "23,999",
      "id": "9"
    },
    {
      "image": "../assets/images/destinationthree.jpg",
      "title": "EVES DECORATIONS",
      "titleDescription": "Destination Wedding",
      "ratings": "4.3",
      "discount": "33% off",
      "mrp": "M.R.P.:",
      "price": "15,999",
      "originalPrice": "23,999",
      "id": "10"
    },
    {
      "image": "../assets/images/destinationfour.jpg",
      "title": "IBHU DECORATIONS",
      "titleDescription": "Destination Wedding",
      "ratings": "4.3",
      "discount": "33% off",
      "mrp": "M.R.P.:",
      "price": "15,999",
      "originalPrice": "23,999",
      "id": "11"
    },
    {
      "image": "../assets/images/royaltwo.jpg",
      "title": "HAPPY WEDS DECORATIONS",
      "titleDescription": "Royal Wedding",
      "ratings": "4.3",
      "discount": "33% off",
      "mrp": "M.R.P.:",
      "price": "15,999",
      "originalPrice": "23,999",
      "id": "12"
    },
    {
      "image": "../assets/images/royalthree.jpg",
      "title": "SANA DECORATIONS",
      "titleDescription": "Royal Wedding",
      "ratings": "4.3",
      "discount": "33% off",
      "mrp": "M.R.P.:",
      "price": "15,999",
      "originalPrice": "23,999",
      "id": "13"
    },
    {
      "image": "../assets/images/beachfour.jpg",
      "title": "SUMMI DECORATIONS",
      "titleDescription": "Beach Wedding",
      "ratings": "4.3",
      "discount": "33% off",
      "mrp": "M.R.P.:",
      "price": "15,999",
      "originalPrice": "23,999",
      "id": "14"
    },
    {
      "image": "../assets/images/traditionalfour.jpg",
      "title": "EVES DECORATIONS",
      "titleDescription": "Traditional Wedding",
      "ratings": "4.3",
      "discount": "33% off",
      "mrp": "M.R.P.:",
      "price": "15,999",
      "originalPrice": "23,999",
      "id": "15"
    },
    {
      "image": "../assets/images/beachfive.jpg",
      "title": "FANCY DECORATIONS",
      "titleDescription": "Beach Wedding",
      "ratings": "4.3",
      "discount": "33% off",
      "mrp": "M.R.P.:",
      "price": "15,999",
      "originalPrice": "23,999",
      "id": "16"
    },
    {
      "image": "../assets/images/destinationfive.jpg",
      "title": "IBHU DECORATIONS",
      "titleDescription": "Destination Wedding",
      "ratings": "4.3",
      "discount": "33% off",
      "mrp": "M.R.P.:",
      "price": "15,999",
      "originalPrice": "23,999",
      "id": "17"
    },
    {
      "image": "../assets/images/traditionalfive.jpg",
      "title": "BENNI DECORATIONS",
      "titleDescription": "Traditional Wedding",
      "ratings": "4.3",
      "discount": "33% off",
      "mrp": "M.R.P.:",
      "price": "15,999",
      "originalPrice": "23,999",
      "id": "18"
    },
    {
      "image": "../assets/images/vintagethree.jpg",
      "title": "EVENT DECORATIONS",
      "titleDescription": "Vintage Wedding",
      "ratings": "4.3",
      "discount": "33% off",
      "mrp": "M.R.P.:",
      "price": "15,999",
      "originalPrice": "23,999",
      "id": "19"
    },
    {
      "image": "../assets/images/vintagefour.jpg",
      "title": "SAKTHI DECORATIONS",
      "titleDescription": "Vintage Wedding",
      "ratings": "4.3",
      "discount": "33% off",
      "mrp": "M.R.P.:",
      "price": "15,999",
      "originalPrice": "23,999",
      "id": "20"
    },
    {
      "image": "../assets/images/royalfour.jpg",
      "title": "BENNI DECORATIONS",
      "titleDescription": "Royal Wedding",
      "ratings": "4.3",
      "discount": "33% off",
      "mrp": "M.R.P.:",
      "price": "15,999",
      "originalPrice": "23,999",
      "id": "21"
    },
    {
      "image": "../assets/images/beachsix.jpg",
      "title": "FANCY DECORATIONS",
      "titleDescription": "Beach Wedding",
      "ratings": "4.3",
      "discount": "33% off",
      "mrp": "M.R.P.:",
      "price": "15,999",
      "originalPrice": "23,999",
      "id": "22"
    },
    {
      "image": "../assets/images/beachseven.jpg",
      "title": "FANCY DECORATIONS",
      "titleDescription": "Beach Wedding",
      "ratings": "4.3",
      "discount": "33% off",
      "mrp": "M.R.P.:",
      "price": "15,999",
      "originalPrice": "23,999",
      "id": "23"
    },
    {
      "image": "../assets/images/destinationsix.jpg",
      "title": "FANCY DECORATIONS",
      "titleDescription": "Destination Wedding",
      "ratings": "4.3",
      "discount": "33% off",
      "mrp": "M.R.P.:",
      "price": "15,999",
      "originalPrice": "23,999",
      "id": "24"
    },
    {
      "image": "../assets/images/royalfive.jpg",
      "title": "FANCY DECORATIONS",
      "titleDescription": "Royal Wedding",
      "ratings": "4.3",
      "discount": "33% off",
      "mrp": "M.R.P.:",
      "price": "15,999",
      "originalPrice": "23,999",
      "id": "25"
    },
    {
      "image": "../assets/images/destinationseven.jpg",
      "title": "FANCY DECORATIONS",
      "titleDescription": "Destination Wedding",
      "ratings": "4.3",
      "discount": "33% off",
      "mrp": "M.R.P.:",
      "price": "15,999",
      "originalPrice": "23,999",
      "id": "26"
    },
    {
      "image": "../assets/images/beacheight.jpg",
      "title": "FANCY DECORATIONS",
      "titleDescription": "Beach Wedding",
      "ratings": "4.3",
      "discount": "33% off",
      "mrp": "M.R.P.:",
      "price": "15,999",
      "originalPrice": "23,999",
      "id": "27"
    },
    {
      "image": "../assets/images/vintagefive.jpg",
      "title": "FANCY DECORATIONS",
      "titleDescription": "Vintage Wedding",
      "ratings": "4.3",
      "discount": "33% off",
      "mrp": "M.R.P.:",
      "price": "15,999",
      "originalPrice": "23,999",
      "id": "28"
    },
    {
      "image": "../assets/images/vintageseven.jpg",
      "title": "FANCY DECORATIONS",
      "titleDescription": "Vintage Wedding",
      "ratings": "4.3",
      "discount": "33% off",
      "mrp": "M.R.P.:",
      "price": "15,999",
      "originalPrice": "23,999",
      "id": "29"
    },
    {
      "image": "../assets/images/traditionaleight.jpg",
      "title": "FANCY DECORATIONS",
      "titleDescription": "Traditional Wedding",
      "ratings": "4.3",
      "discount": "33% off",
      "mrp": "M.R.P.:",
      "price": "15,999",
      "originalPrice": "23,999",
      "id": "30"
    },
    {
      "image": "../assets/images/destinationeight.jpg",
      "title": "FANCY DECORATIONS",
      "titleDescription": "Destination Wedding",
      "ratings": "4.3",
      "discount": "33% off",
      "mrp": "M.R.P.:",
      "price": "15,999",
      "originalPrice": "23,999",
      "id": "31"
    },
    {
      "image": "../assets/images/destinationten.jpg",
      "title": "FANCY DECORATIONS",
      "titleDescription": "Destination Wedding",
      "ratings": "4.3",
      "discount": "33% off",
      "mrp": "M.R.P.:",
      "price": "15,999",
      "originalPrice": "23,999",
      "id": "32"
    },
    {
      "image": "../assets/images/beachten.jpg",
      "title": "FANCY DECORATIONS",
      "titleDescription": "Beach Wedding",
      "ratings": "4.3",
      "discount": "33% off",
      "mrp": "M.R.P.:",
      "price": "15,999",
      "originalPrice": "23,999",
      "id": "33"
    },
    {
      "image": "../assets/images/traditionalnine.jpg",
      "title": "FANCY DECORATIONS",
      "titleDescription": "Traditional Wedding",
      "ratings": "4.3",
      "discount": "33% off",
      "mrp": "M.R.P.:",
      "price": "15,999",
      "originalPrice": "23,999",
      "id": "34"
    },
    {
      "image": "../assets/images/beachtwelve.jpg",
      "title": "FANCY DECORATIONS",
      "titleDescription": "Beach Wedding",
      "ratings": "4.3",
      "discount": "33% off",
      "mrp": "M.R.P.:",
      "price": "15,999",
      "originalPrice": "23,999",
      "id": "35"
    },
    {
      "image": "../assets/images/royaleight.jpg",
      "title": "FANCY DECORATIONS",
      "titleDescription": "Royal Wedding",
      "ratings": "4.3",
      "discount": "33% off",
      "mrp": "M.R.P.:",
      "price": "15,999",
      "originalPrice": "23,999",
      "id": "36"
    },
    {
      "image": "../assets/images/royalnine.jpg",
      "title": "FANCY DECORATIONS",
      "titleDescription": "Royal Wedding",
      "ratings": "4.3",
      "discount": "33% off",
      "mrp": "M.R.P.:",
      "price": "15,999",
      "originalPrice": "23,999",
      "id": "37"
    },
    {
      "image": "../assets/images/destinationnine.jpg",
      "title": "FANCY DECORATIONS",
      "titleDescription": "Destination Wedding",
      "ratings": "4.3",
      "discount": "33% off",
      "mrp": "M.R.P.:",
      "price": "15,999",
      "originalPrice": "23,999",
      "id": "38"
    },
    {
      "image": "../assets/images/destinationten.jpg",
      "title": "FANCY DECORATIONS",
      "titleDescription": "Destination Wedding",
      "ratings": "4.3",
      "discount": "33% off",
      "mrp": "M.R.P.:",
      "price": "15,999",
      "originalPrice": "23,999",
      "id": "39"
    },
    {
      "image": "../assets/images/royaltwelve.jpg",
      "title": "FANCY DECORATIONS",
      "titleDescription": "Royal Wedding",
      "ratings": "4.3",
      "discount": "33% off",
      "mrp": "M.R.P.:",
      "price": "15,999",
      "originalPrice": "23,999",
      "id": "40"
    },
    {
      "image": "../assets/images/beacheleven.jpg",
      "title": "FANCY DECORATIONS",
      "titleDescription": "Beach Wedding",
      "ratings": "4.3",
      "discount": "33% off",
      "mrp": "M.R.P.:",
      "price": "15,999",
      "originalPrice": "23,999",
      "id": "41"
    },
    {
      "image": "../assets/images/royalfifteen.jpg",
      "title": "FANCY DECORATIONS",
      "titleDescription": "Royal Wedding",
      "ratings": "4.3",
      "discount": "33% off",
      "mrp": "M.R.P.:",
      "price": "15,999",
      "originalPrice": "23,999",
      "id": "42"
    }
  ]
}
